{
  "__UNDERSCORES IN FRONT MEANS IGNORE THE KEY, this is just to keep a valid JSON file": "",
  "__!!! check and beautify JSON files with http://codebeautify.org/jsonviewer !!!": "",
  "__this is the path which is prepended to 'include-from-file' paths, if they are relative paths": "",
  "_include-file-base-path": "../",
  "__user defined crops section to be used via references": "",
  "crops": {
    "RYE": {
      "is-winter-crop": false,
      "cropParams": {
        "species": [
            "include-from-file",
            "param_files/Species4.json"
   
        ],
        "cultivar": {"DEFAULT":[
          "include-from-file", 
          "param_files/CultivarCLV4.json"
      ],"CropSpecificMaxRootingDepth": 0.2}

      },
      "residueParams": [
        "include-from-file",
        "param_files/grass-ley.json"
      ]
    }
  },
  "__relative date crop rotation example": "",
  "cropRotation": [
        {
            "worksteps": [
                {
                  "date": "2019-01-01",
                  "type": "Sowing",
                  "crop": [
                    "ref",
                    "crops",
                    "RYE"
                  ]
                },
                {
                  "date": "2019-06-12",
                  "type": "Cutting",
                  "organs": {
                    "Leaf": [
                      0.48,
                      "m2 m-2",
                      "left"
                    ],
                    "Shoot": [
                      100,
                      "kg ha-1",
                      "left"
                    ],
                    "Fruit": [
                      0,
                      "kg ha-1",
                      "cut"
                    ]
                  },
                  "export": {
                    "Leaf": [
                      100,
                      "%"
                    ],
                    "Shoot": [
                      100,
                      "%"
                    ],
                    "Fruit": [
                      0,
                      "%"
                    ]
                  }
                },
                {
                  "date": "2019-09-11",
                  "type": "Cutting",
                  "organs": {
                    "Leaf": [
                      0.48,
                      "m2 m-2",
                      "left"
                    ],
                    "Shoot": [
                      100,
                      "kg ha-1",
                      "left"
                    ],
                    "Fruit": [
                      0,
                      "kg ha-1",
                      "cut"
                    ]
                  },
                  "export": {
                    "Leaf": [
                      100,
                      "%"
                    ],
                    "Shoot": [
                      100,
                      "%"
                    ],
                    "Fruit": [
                      0,
                      "%"
                    ]
                  }
                },
                {
                  "date": "2020-06-16",
                  "type": "Cutting",
                  "organs": {
                    "Leaf": [
                      0.48,
                      "m2 m-2",
                      "left"
                    ],
                    "Shoot": [
                      100,
                      "kg ha-1",
                      "left"
                    ],
                    "Fruit": [
                      0,
                      "kg ha-1",
                      "cut"
                    ]
                  },
                  "export": {
                    "Leaf": [
                      100,
                      "%"
                    ],
                    "Shoot": [
                      100,
                      "%"
                    ],
                    "Fruit": [
                      0,
                      "%"
                    ]
                  }
                },
                {
                  "date": "2020-09-09",
                  "type": "Cutting",
                  "organs": {
                    "Leaf": [
                      0.48,
                      "m2 m-2",
                      "left"
                    ],
                    "Shoot": [
                      100,
                      "kg ha-1",
                      "left"
                    ],
                    "Fruit": [
                      0,
                      "kg ha-1",
                      "cut"
                    ]
                  },
                  "export": {
                    "Leaf": [
                      100,
                      "%"
                    ],
                    "Shoot": [
                      100,
                      "%"
                    ],
                    "Fruit": [
                      0,
                      "%"
                    ]
                  }
                },
                {
                  "date": "2021-06-15",
                  "type": "Cutting",
                  "organs": {
                    "Leaf": [
                      0.48,
                      "m2 m-2",
                      "left"
                    ],
                    "Shoot": [
                      100,
                      "kg ha-1",
                      "left"
                    ],
                    "Fruit": [
                      0,
                      "kg ha-1",
                      "cut"
                    ]
                  },
                  "export": {
                    "Leaf": [
                      100,
                      "%"
                    ],
                    "Shoot": [
                      100,
                      "%"
                    ],
                    "Fruit": [
                      0,
                      "%"
                    ]
                  }
                },
                {
                  "date": "2021-09-01",
                  "type": "Cutting",
                  "organs": {
                    "Leaf": [
                      0.48,
                      "m2 m-2",
                      "left"
                    ],
                    "Shoot": [
                      100,
                      "kg ha-1",
                      "left"
                    ],
                    "Fruit": [
                      0,
                      "kg ha-1",
                      "cut"
                    ]
                  },
                  "export": {
                    "Leaf": [
                      100,
                      "%"
                    ],
                    "Shoot": [
                      100,
                      "%"
                    ],
                    "Fruit": [
                      0,
                      "%"
                    ]
                  }
                },
                {
                  "date": "2022-06-08",
                  "type": "Cutting",
                  "organs": {
                    "Leaf": [
                      0.85,
                      "m2 m-2",
                      "left"
                    ],
                    "Shoot": [
                      100,
                      "kg ha-1",
                      "left"
                    ],
                    "Fruit": [
                      0,
                      "kg ha-1",
                      "cut"
                    ]
                  },
                  "export": {
                    "Leaf": [
                      100,
                      "%"
                    ],
                    "Shoot": [
                      100,
                      "%"
                    ],
                    "Fruit": [
                      0,
                      "%"
                    ]
                  }
                },
                {
                  "date": "2022-09-20",
                  "type": "Cutting",
                  "organs": {
                    "Leaf": [
                      0.48,
                      "m2 m-2",
                      "left"
                    ],
                    "Shoot": [
                      100,
                      "kg ha-1",
                      "left"
                    ],
                    "Fruit": [
                      0,
                      "kg ha-1",
                      "cut"
                    ]
                  },
                  "export": {
                    "Leaf": [
                      100,
                      "%"
                    ],
                    "Shoot": [
                      100,
                      "%"
                    ],
                    "Fruit": [
                      0,
                      "%"
                    ]
                  }
                }
              ]
            }
          ],
          "CropParameters": {
            "=": [
                "include-from-file", 
                "param_files/crop.json"
            ]
        }
        }