
{
	"crop.json": "../crop_file/crop-1.json",
	"site.json": "../site_file/site-1.json",
	"climate.csv": "../climate_file/climate_Spree.csv",

	"climate.csv-options": {
		"start-date": "2019-01-01",
		"end-date": "2022-12-31",
		"no-of-climate-file-header-lines": 2,
		"csv-separator": ",",
		"header-to-acd-names": {}
	},
	
	"debug?": false,

	"include-file-base-path":  "D:/MONICA/MONICA_Tutorial/MONICA_course/Day_4_Roland_Baatz/CalibrationCN/tutorial",  
	"output": { 
	  "write-file?": false,
		"path-to-output": "./",
		"file-name": "out.csv",
		"csv-options": {
			"include-header-row": true,
			"include-units-row": true,
			"include-aggregation-rows": false,
			"csv-separator": ","
		},
				
		"events" : 	[
			"daily", [
				"Date", "AbBiom", "GPP", "Crop"
			]
		]
	},

	"NumberOfLayers": 20,
	"LayerThickness": [0.1, "m"],

	"UseSecondaryYields": true,
	"NitrogenResponseOn": true,
	"WaterDeficitResponseOn": true,
	"EmergenceMoistureControlOn": true,
	"EmergenceFloodingControlOn": true,
	"FrostKillOn": 	false,

	"UseAutomaticIrrigation": false,
	"AutoIrrigationParams": {
		"irrigationParameters": {
			"nitrateConcentration": [0, "mg dm-3"],
			"sulfateConcentration": [0, "mg dm-3"]
		}
    }}