{
    "Albedo": 0.23,
    "rcp": "rcp85",
    "AtmosphericCO2": 0,
    "0 means MONICA will calculate CO2 automatically, else use this value for whole simulation, unless more exact data are available": "",
    "AtmosphericCO2s": {},
    "year -> CO2-value pairs for yearly CO2 values": "",
    "LeachingDepth": 1.6,
    "MaxGroundwaterDepth": 18,
    "MinGroundwaterDepth": 20,
    "MinGroundwaterDepthMonth": 3,
    "WindSpeedHeight": 2,
    "timeStep": 1,
    "type": "UserEnvironmentParameters"
}