{
    "SiteParameters": {
      "Latitude": 51.52,
      "Slope": 0.1,
      "HeightNN": [87 , "m"],
      "NDeposition": [50.0, "kg N ha-1 y-1"],
  
      "SoilProfileParameters": [
  
              {
                  "Thickness": 0.14,
                  "SoilOrganicCarbon": [8, "%"],
                  "KA5TextureClass": "Sl4",
                  "Clay": 0.159,	
                  "Sand": 0.648,
                  "SoilBulkDensity":690.3,
                  "pH": 5.2,
                  "CN": 10.8,
                  "SoilMoisturePercentFC" : [100, "%"]
              }, 
              {
                  "Thickness": 0.30, 
                  "SoilOrganicCarbon": [1.6, "%"],
                  "KA5TextureClass": "Sl3",
                  "Clay": 0.106,
                  "Sand": 0.678,
                  "SoilBulkDensity":1666.8,
                  "pH": 5.3,
                  "CN": 10.4
              },
              {
                  "Thickness": 0.19, 
                  "SoilOrganicCarbon": [1.1, "%"],
                  "KA5TextureClass": "Sl4",
                  "Clay": 0.157,
                  "Sand": 0.608,
                  "SoilBulkDensity":1286.3,
                  "pH": 5.4,
                  "CN": 7.5
              },
              {
                  "Thickness": 1.17,
                  "SoilOrganicCarbon": [0.1, "%"],
                  "KA5TextureClass": "Ss",
                  "Clay": 0.011,	
                  "Sand": 0.96,
                  "SoilBulkDensity":1838.5,
                  "pH": 5.4,
                  "CN": 8.9
              
              }
  
      ]
  },
  
  "__all kinds of more general monica parameters": "",
  "SoilTemperatureParameters":  ["include-from-file", "param_files/soil-temperature.json"], 
  "EnvironmentParameters": {"DEFAULT": ["include-from-file", "param_files/environment.json"],
  "MaxGroundwaterDepth": 0,
  "MinGroundwaterDepth": 2},
  "SoilOrganicParameters": ["include-from-file", "param_files/soil-organic.json"],
  "SoilTransportParameters": ["include-from-file", "param_files/soil-transport.json"],
  "SoilMoistureParameters": ["include-from-file", "param_files/soil-moisture.json"]
  }